Workbook

Sheet Going First
A1: MATRICE STARTERS × NON-ENGINE — GOING FIRST
A2: Probabilite de la main d'ouverture (5 cartes). is = starters, ne = non-engine. Donnees saisies en bleu.
A4: A. MITSURUGI PURE
A5: is \ ne | B5: 0 | C5: 1 | D5: 2 | E5: 3 | F5: 4 | G5: 5 | H5: Total
A6: 0 | B6: 0.002 | C6: 0.014 | D6: 0.035 | E6: 0.031 | F6: 0.009 | G6: 0.001 | H6: =SUM(B6:G6) -> 0.092
A7: 1 | B7: 0.016 | C7: 0.098 | D7: 0.156 | E7: 0.073 | F7: 0.008 | G7: 0 | H7: =SUM(B7:G7) -> 0.351
A8: 2 | B8: 0.048 | C8: 0.178 | D8: 0.144 | E8: 0.022 | F8: 0 | G8: 0 | H8: =SUM(B8:G8) -> 0.392
A9: ≥3 | B9: 0.058 | C9: 0.088 | D9: 0.02 | E9: 0 | F9: 0 | G9: 0 | H9: =SUM(B9:G9) -> 0.166
A10: Total | B10: =SUM(B6:B9) -> 0.124 | C10: =SUM(C6:C9) -> 0.378 | D10: =SUM(D6:D9) -> 0.355 | E10: =SUM(E6:E9) -> 0.126 | F10: =SUM(F6:F9) -> 0.017 | G10: =SUM(G6:G9) -> 0.001 | H10: =SUM(H6:H9) -> 1.001
A12: B. ORCUST
A13: is \ ne | B13: 0 | C13: 1 | D13: 2 | E13: 3 | F13: 4 | G13: 5 | H13: Total
A14: 0 | B14: 0.003 | C14: 0.02 | D14: 0.037 | E14: 0.02 | F14: 0.003 | G14: 0 | H14: =SUM(B14:G14) -> 0.083
A15: 1 | B15: 0.028 | C15: 0.13 | D15: 0.137 | E15: 0.04 | F15: 0.003 | G15: 0 | H15: =SUM(B15:G15) -> 0.338
A16: 2 | B16: 0.074 | C16: 0.197 | D16: 0.111 | E16: 0.013 | F16: 0 | G16: 0 | H16: =SUM(B16:G16) -> 0.395
A17: ≥3 | B17: 0.075 | C17: 0.09 | D17: 0.018 | E17: 0 | F17: 0 | G17: 0 | H17: =SUM(B17:G17) -> 0.183
A18: Total | B18: =SUM(B14:B17) -> 0.18 | C18: =SUM(C14:C17) -> 0.437 | D18: =SUM(D14:D17) -> 0.303 | E18: =SUM(E14:E17) -> 0.073 | F18: =SUM(F14:F17) -> 0.006 | G18: =SUM(G14:G17) -> 0 | H18: =SUM(H14:H17) -> 0.999
A20: C. DELTA (Orcust − Pure, en points de %)
A21: is \ ne | B21: 0 | C21: 1 | D21: 2 | E21: 3 | F21: 4 | G21: 5 | H21: Total
A22: 0 | B22: =B14-B6 -> 0.001 | C22: =C14-C6 -> 0.006 | D22: =D14-D6 -> 0.002 | E22: =E14-E6 -> -0.011 | F22: =F14-F6 -> -0.006 | G22: =G14-G6 -> -0.001 | H22: =SUM(B22:G22) -> -0.009
A23: 1 | B23: =B15-B7 -> 0.012 | C23: =C15-C7 -> 0.032 | D23: =D15-D7 -> -0.019 | E23: =E15-E7 -> -0.033 | F23: =F15-F7 -> -0.005 | G23: =G15-G7 -> 0 | H23: =SUM(B23:G23) -> -0.013
A24: 2 | B24: =B16-B8 -> 0.026 | C24: =C16-C8 -> 0.019 | D24: =D16-D8 -> -0.033 | E24: =E16-E8 -> -0.009 | F24: =F16-F8 -> 0 | G24: =G16-G8 -> 0 | H24: =SUM(B24:G24) -> 0.003
A25: ≥3 | B25: =B17-B9 -> 0.017 | C25: =C17-C9 -> 0.002 | D25: =D17-D9 -> -0.002 | E25: =E17-E9 -> 0 | F25: =F17-F9 -> 0 | G25: =G17-G9 -> 0 | H25: =SUM(B25:G25) -> 0.017
A26: Total | B26: =SUM(B22:B25) -> 0.056 | C26: =SUM(C22:C25) -> 0.059 | D26: =SUM(D22:D25) -> -0.052 | E26: =SUM(E22:E25) -> -0.053 | F26: =SUM(F22:F25) -> -0.011 | G26: =SUM(G22:G25) -> -0.001 | H26: =SUM(H22:H25) -> -0.002
A28: Vert = plus de probabilite en Orcust, rouge = moins. Attention : « plus » n'est pas toujours « mieux » (ex. colonne ne=0). Voir l'onglet Synthese pour le sens de lecture.

Sheet Going Second
A1: MATRICE STARTERS × NON-ENGINE — GOING SECOND
A2: Probabilite de la main d'ouverture (6 cartes). is = starters, ne = non-engine. Donnees saisies en bleu.
A4: A. MITSURUGI PURE
A5: is \ ne | B5: 0 | C5: 1 | D5: 2 | E5: 3 | F5: 4 | G5: 5+ | H5: Total
A6: 0 | B6: 0 | C6: 0.001 | D6: 0.005 | E6: 0.013 | F6: 0.019 | G6: 0.012 | H6: =SUM(B6:G6) -> 0.05
A7: 1 | B7: 0.001 | C7: 0.013 | D7: 0.054 | E7: 0.101 | F7: 0.08 | G7: 0.014 | H7: =SUM(B7:G7) -> 0.263
A8: 2 | B8: 0.007 | C8: 0.055 | D8: 0.155 | E8: 0.155 | F8: 0.032 | G8: 0 | H8: =SUM(B8:G8) -> 0.404
A9: ≥3 | B9: 0.027 | C9: 0.108 | D9: 0.12 | E9: 0.026 | F9: 0 | G9: 0 | H9: =SUM(B9:G9) -> 0.281
A10: Total | B10: =SUM(B6:B9) -> 0.035 | C10: =SUM(C6:C9) -> 0.177 | D10: =SUM(D6:D9) -> 0.334 | E10: =SUM(E6:E9) -> 0.295 | F10: =SUM(F6:F9) -> 0.131 | G10: =SUM(G6:G9) -> 0.026 | H10: =SUM(H6:H9) -> 0.998
A12: B. ORCUST
A13: is \ ne | B13: 0 | C13: 1 | D13: 2 | E13: 3 | F13: 4 | G13: 5+ | H13: Total
A14: 0 | B14: 0 | C14: 0 | D14: 0.003 | E14: 0.011 | F14: 0.018 | G14: 0.011 | H14: =SUM(B14:G14) -> 0.043
A15: 1 | B15: 0.001 | C15: 0.01 | D15: 0.05 | E15: 0.1 | F15: 0.074 | G15: 0.015 | H15: =SUM(B15:G15) -> 0.25
A16: 2 | B16: 0.006 | C16: 0.055 | D16: 0.155 | E16: 0.149 | F16: 0.038 | G16: 0 | H16: =SUM(B16:G16) -> 0.403
A17: ≥3 | B17: 0.029 | C17: 0.112 | D17: 0.125 | E17: 0.036 | F17: 0 | G17: 0 | H17: =SUM(B17:G17) -> 0.302
A18: Total | B18: =SUM(B14:B17) -> 0.036 | C18: =SUM(C14:C17) -> 0.177 | D18: =SUM(D14:D17) -> 0.333 | E18: =SUM(E14:E17) -> 0.296 | F18: =SUM(F14:F17) -> 0.13 | G18: =SUM(G14:G17) -> 0.026 | H18: =SUM(H14:H17) -> 0.998
A20: C. DELTA (Orcust − Pure, en points de %)
A21: is \ ne | B21: 0 | C21: 1 | D21: 2 | E21: 3 | F21: 4 | G21: 5+ | H21: Total
A22: 0 | B22: =B14-B6 -> 0 | C22: =C14-C6 -> -0.001 | D22: =D14-D6 -> -0.002 | E22: =E14-E6 -> -0.002 | F22: =F14-F6 -> -0.001 | G22: =G14-G6 -> -0.001 | H22: =SUM(B22:G22) -> -0.007
A23: 1 | B23: =B15-B7 -> 0 | C23: =C15-C7 -> -0.003 | D23: =D15-D7 -> -0.004 | E23: =E15-E7 -> -0.001 | F23: =F15-F7 -> -0.006 | G23: =G15-G7 -> 0.001 | H23: =SUM(B23:G23) -> -0.013
A24: 2 | B24: =B16-B8 -> -0.001 | C24: =C16-C8 -> 0 | D24: =D16-D8 -> 0 | E24: =E16-E8 -> -0.006 | F24: =F16-F8 -> 0.006 | G24: =G16-G8 -> 0 | H24: =SUM(B24:G24) -> -0.001
A25: ≥3 | B25: =B17-B9 -> 0.002 | C25: =C17-C9 -> 0.004 | D25: =D17-D9 -> 0.005 | E25: =E17-E9 -> 0.01 | F25: =F17-F9 -> 0 | G25: =G17-G9 -> 0 | H25: =SUM(B25:G25) -> 0.021
A26: Total | B26: =SUM(B22:B25) -> 0.001 | C26: =SUM(C22:C25) -> 0 | D26: =SUM(D22:D25) -> -0.001 | E26: =SUM(E22:E25) -> 0.001 | F26: =SUM(F22:F25) -> -0.001 | G26: =SUM(G22:G25) -> 0 | H26: =SUM(H22:H25) -> 0
A28: Vert = plus de probabilite en Orcust, rouge = moins. Attention : « plus » n'est pas toujours « mieux » (ex. colonne ne=0). Voir l'onglet Synthese pour le sens de lecture.

Sheet Synthèse
A1: SYNTHÈSE COMPARATIVE — MITSURUGI PURE vs ORCUST
A2: Agrégats calculés depuis les onglets Going First / Going Second. Δ en points de %.
A4: Indicateur | B4: Pure GF | C4: Orcust GF | D4: Δ GF | E4: Pure GS | F4: Orcust GS | G4: Δ GS | H4: Sens souhaité
A5: Brick starters (0 starter) | B5: ='Going First'!$H$6 -> 0.092 | C5: ='Going First'!$H$14 -> 0.083 | D5: =C5-B5 -> -0.009 | E5: ='Going Second'!$H$6 -> 0.05 | F5: ='Going Second'!$H$14 -> 0.043 | G5: =F5-E5 -> -0.007 | H5: ↓ plus bas = mieux
A6: ≥1 starter | B6: =SUM('Going First'!$H$7:$H$9) -> 0.909 | C6: =SUM('Going First'!$H$15:$H$17) -> 0.916 | D6: =C6-B6 -> 0.007 | E6: =SUM('Going Second'!$H$7:$H$9) -> 0.948 | F6: =SUM('Going Second'!$H$15:$H$17) -> 0.955 | G6: =F6-E6 -> 0.007 | H6: ↑
A7: ≥2 starters | B7: =SUM('Going First'!$H$8:$H$9) -> 0.558 | C7: =SUM('Going First'!$H$16:$H$17) -> 0.578 | D7: =C7-B7 -> 0.02 | E7: =SUM('Going Second'!$H$8:$H$9) -> 0.685 | F7: =SUM('Going Second'!$H$16:$H$17) -> 0.705 | G7: =F7-E7 -> 0.02 | H7: ↑
A8: ≥3 starters | B8: ='Going First'!$H$9 -> 0.166 | C8: ='Going First'!$H$17 -> 0.183 | D8: =C8-B8 -> 0.017 | E8: ='Going Second'!$H$9 -> 0.281 | F8: ='Going Second'!$H$17 -> 0.302 | G8: =F8-E8 -> 0.021 | H8: ↑
A9: 0 non-engine | B9: ='Going First'!$B$10 -> 0.124 | C9: ='Going First'!$B$18 -> 0.18 | D9: =C9-B9 -> 0.056 | E9: ='Going Second'!$B$10 -> 0.035 | F9: ='Going Second'!$B$18 -> 0.036 | G9: =F9-E9 -> 0.001 | H9: ↓ plus bas = mieux
A10: ≥1 non-engine | B10: =SUM('Going First'!$C$10:$G$10) -> 0.877 | C10: =SUM('Going First'!$C$18:$G$18) -> 0.819 | D10: =C10-B10 -> -0.058 | E10: =SUM('Going Second'!$C$10:$G$10) -> 0.963 | F10: =SUM('Going Second'!$C$18:$G$18) -> 0.962 | G10: =F10-E10 -> -0.001 | H10: ↑
A11: ≥2 non-engine | B11: =SUM('Going First'!$D$10:$G$10) -> 0.499 | C11: =SUM('Going First'!$D$18:$G$18) -> 0.382 | D11: =C11-B11 -> -0.117 | E11: =SUM('Going Second'!$D$10:$G$10) -> 0.786 | F11: =SUM('Going Second'!$D$18:$G$18) -> 0.785 | G11: =F11-E11 -> -0.001 | H11: ↑
A12: ≥3 non-engine | B12: =SUM('Going First'!$E$10:$G$10) -> 0.144 | C12: =SUM('Going First'!$E$18:$G$18) -> 0.079 | D12: =C12-B12 -> -0.065 | E12: =SUM('Going Second'!$E$10:$G$10) -> 0.452 | F12: =SUM('Going Second'!$E$18:$G$18) -> 0.452 | G12: =F12-E12 -> 0 | H12: ↑ (surtout GS)
A13: Zone jouable : ≥1 starter ET ≥1 non-engine | B13: =SUM('Going First'!$C$7:$G$9) -> 0.787 | C13: =SUM('Going First'!$C$15:$G$17) -> 0.739 | D13: =C13-B13 -> -0.048 | E13: =SUM('Going Second'!$C$7:$G$9) -> 0.913 | F13: =SUM('Going Second'!$C$15:$G$17) -> 0.919 | G13: =F13-E13 -> 0.006 | H13: ↑
A14: Main forte : ≥2 starters ET ≥2 non-engine | B14: =SUM('Going First'!$D$8:$G$9) -> 0.186 | C14: =SUM('Going First'!$D$16:$G$17) -> 0.142 | D14: =C14-B14 -> -0.044 | E14: =SUM('Going Second'!$D$8:$G$9) -> 0.488 | F14: =SUM('Going Second'!$D$16:$G$17) -> 0.503 | G14: =F14-E14 -> 0.015 | H14: ↑
A15: Moyenne starters (plancher, ≥3 compté = 3) | B15: ='Going First'!$H$7*1+'Going First'!$H$8*2+'Going First'!$H$9*3 -> 1.633 | C15: ='Going First'!$H$15*1+'Going First'!$H$16*2+'Going First'!$H$17*3 -> 1.677 | D15: =C15-B15 -> 0.044 | E15: ='Going Second'!$H$7*1+'Going Second'!$H$8*2+'Going Second'!$H$9*3 -> 1.914 | F15: ='Going Second'!$H$15*1+'Going Second'!$H$16*2+'Going Second'!$H$17*3 -> 1.962 | G15: =F15-E15 -> 0.048 | H15: ↑
A16: Moyenne non-engine | B16: ='Going First'!$C$10*1+'Going First'!$D$10*2+'Going First'!$E$10*3+'Going First'!$F$10*4+'Going First'!$G$10*5 -> 1.539 | C16: ='Going First'!$C$18*1+'Going First'!$D$18*2+'Going First'!$E$18*3+'Going First'!$F$18*4+'Going First'!$G$18*5 -> 1.286 | D16: =C16-B16 -> -0.253 | E16: ='Going Second'!$C$10*1+'Going Second'!$D$10*2+'Going Second'!$E$10*3+'Going Second'!$F$10*4+'Going Second'!$G$10*5 -> 2.384 | F16: ='Going Second'!$C$18*1+'Going Second'!$D$18*2+'Going Second'!$E$18*3+'Going Second'!$F$18*4+'Going Second'!$G$18*5 -> 2.381 | G16: =F16-E16 -> -0.003 | H16: ↑
A18: Lecture du Δ : vert = valeur plus élevée en Orcust. Croiser avec la colonne « Sens souhaité » : sur les lignes « Brick » et « 0 non-engine », un Δ vert est un mauvais signe.
A20: Source des données : matrices exportées de l'outil d'analyse de deck de l'utilisateur (captures fournies le 12/08/2026). Les cellules vides de l'outil ont été saisies comme 0,0 %. La moyenne starters est un plancher : la catégorie « ≥3 » est comptée comme exactement 3.
